{"y": [0.23518690107742324, 0.1926080587628958, 0.2043722807184148, 0.14286742923339696], "x": [1, 10, 100, 300]}

