{"ItoE_weight": 0.9132395793636184, "InterPSDC_weight": 0.3300366893790999, "PANtoE_weight": 0.5552441342894371, "PANtoI_weight": 0.8310055620440656, "tauExcLoop": 118.6485068194628, "tauExcProj": 7.329126801201216, "tauExcInh": 127.94871356658814, "tauExcPSDC": 36.10916862960114, "tauPSDCtoProj": 55.86564132231854, "tauPSDCtoInh": 119.17597350272506, "tauInh": 84.37284893188585, "tau_recExcLoop": 260.7979380325765, "tau_recExcProj": 935.0936619273416, "tau_recExcInh": 857.4229468436075, "tau_recExcPSDC": 534.6608186247884, "tau_recPSDCtoProj": 319.7483196131094, "tau_recPSDCtoInh": 349.1016270515538, "tau_rec_Inh": 812.1931072547065, "UExcLoop": 0.2444705487458943, "UExcProj": 0.3425309424138829, "UExcInh": 0.6506343969532482, "UExcPSDC": 0.7890391464891253, "UPSDCtoProj": 0.2466922463153003, "UPSDCtoInh": 0.5373102247895577, "UInh": 0.0997386885131706}