{"ItoE_weight": 0.9159728704714172, "InterPSDC_weight": 0.3261289997186348, "PANtoE_weight": 0.5551648028862833, "PANtoI_weight": 0.8157466842169868, "tauExcLoop": 118.94610039747172, "tauExcProj": 31.844531999787137, "tauExcInh": 128.32730579921602, "tauExcPSDC": 35.91055773654943, "tauPSDCtoProj": 55.89391574071782, "tauPSDCtoInh": 117.96224019877592, "tauInh": 84.57261456732728, "tau_recExcLoop": 133.55832377087393, "tau_recExcProj": 936.9461779074288, "tau_recExcInh": 881.4027127283339, "tau_recExcPSDC": 534.3226991645391, "tau_recPSDCtoProj": 317.5081349763513, "tau_recPSDCtoInh": 349.8271758964107, "tau_rec_Inh": 723.6561393938051, "UExcLoop": 0.1409887463332901, "UExcProj": 0.3427460599840023, "UExcInh": 0.6480226534830182, "UExcPSDC": 0.7920782204268599, "UPSDCtoProj": 0.2464263425569364, "UPSDCtoInh": 0.536488702813715, "UInh": 0.1005982959386062}