{"C_PSDC": 3.314591461811475, "C_Proj": 2.967626831538602, "C_Inh": 14.94577497333314, "k_PSDC": 2.005783456815094, "k_Proj": 2.812056630252645, "k_Inh": 0.9899790727813416, "vr_PSDC": -69.66929481965916, "vr_Proj": -66.53668663489569, "vr_Inh": -79.98910370967263, "vt_PSDC": -57.76213661176341, "vt_Proj": -52.04518576121802, "vt_Inh": -31.040116493507924, "a_PSDC": 0.3090299275825353, "a_Proj": 4.89138923725377, "a_Inh": 7.870770827615575, "b_PSDC": 15.783321120386852, "b_Proj": 10.617810804003929, "b_Inh": 19.008257252815746, "c_PSDC": -74.78125253761374, "c_Proj": -58.06220575867112, "c_Inh": -47.614819146544725, "d_PSDC": 41.37769319592245, "d_Proj": 8.361640959794254, "d_Inh": 70.15076453310913, "celltype_PSDC": 3.839423593211552, "celltype_Proj": 2.659135601205453, "celltype_Inh": 1.1578460092544354, "ItoE_weight": 0.5698698142928537, "InterPSDC_weight": 0.4631539205248728, "PANtoE_weight": 0.6580983060187139, "PANtoI_weight": 0.6076814039004566, "tauExcLoop": 88.90802466779375, "tauExcProj": 29.67507719366393, "tauExcInh": 138.37614099826274, "tauExcPSDC": 55.637851951640485, "tauPSDCtoProj": 69.14928275149109, "tauPSDCtoInh": 147.76512368786666, "tauInh": 5.3529378627974165, "tau_recExcLoop": 743.6066016633589, "tau_recExcProj": 373.5354277759911, "tau_recExcInh": 200.82220260579268, "tau_recExcPSDC": 476.72410431524406, "tau_recPSDCtoProj": 541.1497155186006, "tau_recPSDCtoInh": 264.4681803293086, "tau_rec_Inh": 867.9086332202172, "UExcLoop": 0.0682838457393301, "UExcProj": 0.2854421012678253, "UExcInh": 0.7558082996151111, "UExcPSDC": 0.1514452849698747, "UPSDCtoProj": 0.6203290860026599, "UPSDCtoInh": 0.744350052272317, "UInh": 0.5750657799463368}