{"ItoE_weight": 0.9020430526217038, "InterPSDC_weight": 0.4220131367029696, "PANtoE_weight": 0.6654139224652011, "PANtoI_weight": 0.8219084491546106, "tauExcLoop": 129.47809989318296, "tauExcProj": 27.985700840736868, "tauExcInh": 129.04232646501262, "tauExcPSDC": 22.66518802250398, "tauPSDCtoProj": 39.10341836077248, "tauPSDCtoInh": 124.69159098981488, "tauInh": 71.5587521837366, "tau_recExcLoop": 64.99905168587867, "tau_recExcProj": 988.2424454875734, "tau_recExcInh": 848.2761298030322, "tau_recExcPSDC": 955.4731806030304, "tau_recPSDCtoProj": 488.1233074519852, "tau_recPSDCtoInh": 488.7635497399105, "tau_rec_Inh": 881.2174372760452, "UExcLoop": 0.2917922715153458, "UExcProj": 0.2009934282604362, "UExcInh": 0.7343913385096693, "UExcPSDC": 0.765974499282769, "UPSDCtoProj": 0.2467837886576661, "UPSDCtoInh": 0.5288794991800486, "UInh": 0.0665079894241875}