{"y": [0.20701281693493448, 0.17528202839795642, 0.19313119604172987], "x": [5, 30, 80]}